	broken_data_id
0	1a4k
1	1igj
2	1jcx
3	1lrh
4	1phw
5	1r0p
6	1t7d
7	1usi
8	1usk
9	1wc1
10	2cht
11	2fw6
12	2ri9
13	2rk8
14	2v8w
15	2vk6
16	2wgj
17	2xb7
18	2yfx
19	3q6w
20	3r7o
21	3u6h
22	3u6i
23	3udd
24	3v7x
25	3vbd
26	3zbx
27	3zc5
28	3zcl
29	3zxz
30	3zze
31	4aoi
32	4ap7
33	4cd0
34	4clj
35	4cmo
36	4f1l
37	4gg7
38	4nra
39	4rvr
40	4tqn
41	4yk0
42	5aa9
43	5cks
44	5cu4
45	5dbm
46	5e73
47	5e74
48	5fto
49	5hva
50	5i1q
51	5i29
52	5i8g
53	5j0d
54	5kz0
55	5mg2
56	5mge
57	5mgf
58	5mgj
59	5mgk
60	5mpz
61	5mqe
62	5o2d
63	5tb6
64	5tpx
65	5tuz
66	5vsf
